Gym Name,Martial Arts Types,Full Address,Suburb,Postcode,Phone,Email,Website,Description,Instagram,Facebook,Notes
"[TO BE RESEARCHED]","MMA, BJJ","","Perth CBD","6000","","","","","","",""
"[TO BE RESEARCHED]","Muay Thai, Kickboxing","","Northbridge","6003","","","","","","",""
"[TO BE RESEARCHED]","Boxing","","Subiaco","6008","","","","","","",""
"[TO BE RESEARCHED]","Karate","","Fremantle","6160","","","","","","",""
"[TO BE RESEARCHED]","BJJ, Judo","","Joondalup","6027","","","","","","",""
"[TO BE RESEARCHED]","MMA","","Cannington","6107","","","","","","",""
"[TO BE RESEARCHED]","Muay Thai","","Morley","6062","","","","","","",""
"[TO BE RESEARCHED]","Boxing, Fitness","","Osborne Park","6017","","","","","","",""
"[TO BE RESEARCHED]","Karate, Taekwondo","","Balcatta","6021","","","","","","",""
"[TO BE RESEARCHED]","MMA, BJJ, Boxing","","Malaga","6090","","","","","","",""
"[TO BE RESEARCHED]","Kickboxing","","Victoria Park","6100","","","","","","",""
"[TO BE RESEARCHED]","BJJ","","Mount Lawley","6050","","","","","","",""
"[TO BE RESEARCHED]","Muay Thai, MMA","","Scarborough","6019","","","","","","",""
"[TO BE RESEARCHED]","Boxing","","East Perth","6004","","","","","","",""
"[TO BE RESEARCHED]","Karate","","Midland","6056","","","","","","",""
